INSERT INTO INSTRUCTOR (First_Name, Last_Name, Specialization, Qualification, Contact_No) VALUES
('John', 'Doe', 'Web Development', 'MSc Computer Science', '555-0101'), ('Jane', 'Smith', 'Data Science', 'PhD Data Analytics', '555-0102'), ('Alan', 'Turing', 'Algorithms', 'PhD Mathematics', '555-0103'), ('Grace', 'Hopper', 'Programming', 'PhD Computer Science', '555-0104'), ('Ada', 'Lovelace', 'Machine Learning', 'MSc AI', '555-0105'),
('Shoaib', 'Akhtar', 'Network Admin', 'MSc IT', '0300-2626262'), ('Tariq', 'Ali', 'Systems Engineering', 'PhD CS', '0301-2727272'), ('Noman', 'Ijaz', 'Artificial Intelligence', 'PhD AI', '0302-2828282'), ('Fawad', 'Afzal', 'Software Architecture', 'MSc SE', '0303-2929292'), ('Sami', 'Khan', 'Data Warehousing', 'BS CS', '0304-3030303'),
('Mikaal', 'Zulfiqar', 'Game Engine Design', 'MSc CS', '0305-3131313'), ('Zahid', 'Ahmed', 'Cloud Infrastructure', 'AWS Certified', '0306-3232323'), ('Gohar', 'Rasheed', 'Full Stack Dev', 'BS IT', '0307-3333333'), ('Ali', 'Rehman', 'iOS Development', 'BSc CS', '0308-3434343'), ('Osman', 'Khalid', 'Android Development', 'MSc Mobile', '0309-3535353'),
('Adeel', 'Husain', 'Cyber Threat Hunting', 'CEH', '0310-3636366'), ('Shehzad', 'Sheikh', 'IT Project Management', 'MBA IT', '0311-3737373'), ('Affan', 'Waheed', 'Quality Assurance', 'BSc SE', '0312-3838383'), ('Junaid', 'Khan', 'React Native Dev', 'BS CS', '0313-3939393'), ('Agha', 'Ali', 'Machine Vision', 'PhD AI', '0314-4040404'),
('Azfar', 'Rehman', 'Robotics', 'MSc Mechatronics', '0315-4141414'), ('Shahzad', 'Noor', '3D Modeling', 'BDes', '0316-4242424'), ('Hassan', 'Niazi', 'Animation', 'Diploma Media', '0317-4343434'), ('Ali', 'Safina', 'Sound Engineering', 'BA Audio Prod', '0318-4444444'), ('Sarmad', 'Khoosat', 'UI Engineering', 'BS IT', '0319-4545454'),
('Adnan', 'Siddiqui', 'Business Analytics', 'MSc Analytics', '0320-4646464'), ('Humayun', 'Saeed', 'FinTech', 'MBA Finance', '0321-4747474'), ('Emmad', 'Irfani', 'Health Informatics', 'BS Health IT', '0322-4848484'), ('Muneeb', 'Nawaz', 'E-commerce Management', 'BBA', '0323-4949494'), ('Noor', 'Hassan', 'Agile Coaching', 'Scrum Master', '0324-5050505'),
('Imran', 'Khan', 'Data Science', 'PhD', '0300-3131313'), ('Babar', 'Azam', 'Web Dev', 'MSc', '0300-3232323'), ('Shaheen', 'Afridi', 'Networking', 'BSc', '0300-3333333'), ('Haris', 'Rauf', 'AI', 'MS', '0300-3434343'), ('Shadab', 'Khan', 'Cloud', 'MSc', '0300-3535353'),
('Fakhar', 'Zaman', 'Security', 'BS', '0300-3636366'), ('Rizwan', 'Ahmed', 'UX', 'BDes', '0300-3737373'), ('Naseem', 'Shah', 'DevOps', 'MS', '0300-3838383'), ('Hasan', 'Ali', 'QA', 'BSc', '0300-3939393'), ('Iftikhar', 'Ahmed', 'Agile', 'MBA', '0300-4040404'),
('Agha', 'Salman', 'IoT', 'MSc', '0300-4141414'), ('Saud', 'Shakeel', 'Blockchain', 'PhD', '0300-4242424'), ('Usama', 'Mir', 'ML', 'MS', '0300-4343434'), ('Mohammad', 'Nawaz', 'Android', 'BSc', '0300-4444444'), ('Imad', 'Wasim', 'iOS', 'MSc', '0300-4545454'),
('Faheem', 'Ashraf', 'C++', 'BS', '0300-4646464'), ('Sarfraz', 'Ahmed', 'Java', 'MS', '0300-4747474'), ('Shan', 'Masood', 'Python', 'PhD', '0300-4848484'), ('Abid', 'Ali', 'PHP', 'MSc', '0300-4949494'), ('Azhar', 'Ali', 'Ruby', 'BS', '0300-5050505'),
('Fawad', 'Alam', 'React', 'BSc', '0300-5151515'), ('Asad', 'Shafiq', 'Angular', 'MS', '0300-5252525'), ('Wahab', 'Riaz', 'Vue', 'MSc', '0300-5353535'), ('Mohammad', 'Amir', 'Node', 'BS', '0300-5454545'), ('Shoaib', 'Malik', 'SQL', 'PhD', '0300-5555555');

INSERT INTO STUDENT (First_Name, Last_Name, Date_of_Birth) VALUES
('Alice', 'Johnson', '2000-05-14'), ('Bob', 'Williams', '1999-08-22'), ('Charlie', 'Brown', '2001-11-03'), ('Diana', 'Prince', '1998-02-19'), ('Evan', 'Wright', '2002-07-30'),
('Kubra', 'Khan', '2001-01-11'), ('Ramsha', 'Khan', '2000-02-14'), ('Madiha', 'Imam', '1999-03-21'), ('Sana', 'Javed', '1998-04-10'), ('Kinza', 'Hashmi', '2002-05-18'), 
('Minal', 'Khan', '2000-06-25'), ('Saboor', 'Aly', '2001-07-09'), ('Hiba', 'Bukhari', '1999-08-30'), ('Neelam', 'Muneer', '1998-09-12'), ('Sarah', 'Khan', '2002-10-05'), 
('Noor', 'Zafar', '2001-11-22'), ('Alizeh', 'Shah', '2000-12-14'), ('Komal', 'Meer', '1999-01-05'), ('Momina', 'Mustehsan', '1998-02-28'), ('Aima', 'Baig', '2002-03-15'),
('Gul', 'Panra', '2001-04-20'), ('Nazia', 'Hassan', '2000-05-08'), ('Hadiqa', 'Kiani', '1999-06-17'), ('Zeb', 'Bangash', '1998-07-02'), ('Meesha', 'Shafi', '2002-08-11'), 
('Abida', 'Parveen', '2001-09-24'), ('Naseebo', 'Lal', '2000-10-19'), ('Iqra', 'Hassan', '1999-11-03'), ('Aiman', 'Muneeb', '1998-12-25'), ('Asim', 'Azhar', '2002-01-30'),
('Mahira', 'Khan', '2000-01-01'), ('Sajal', 'Aly', '2001-02-02'), ('Iqra', 'Aziz', '1999-03-03'), ('Yumna', 'Zaidi', '2002-04-04'), ('Hania', 'Aamir', '2000-05-05'),
('Ayeza', 'Khan', '1998-06-06'), ('Maya', 'Ali', '2001-07-07'), ('Saba', 'Qamar', '1999-08-08'), ('Kinza', 'Hashmi', '2002-09-09'), ('Aiman', 'Khan', '2000-10-10'),
('Minal', 'Khan', '2001-11-11'), ('Saboor', 'Aly', '1999-12-12'), ('Sarah', 'Khan', '2002-01-13'), ('Neelam', 'Muneer', '2000-02-14'), ('Hiba', 'Bukhari', '1998-03-15'),
('Ramsha', 'Khan', '2001-04-16'), ('Alizeh', 'Shah', '1999-05-17'), ('Komal', 'Meer', '2002-06-18'), ('Zarnish', 'Khan', '2000-07-19'), ('Sana', 'Javed', '1998-08-20'),
('Urwa', 'Hocane', '2001-09-21'), ('Mawra', 'Hocane', '1999-10-22'), ('Kubra', 'Khan', '2002-11-23'), ('Ushna', 'Shah', '2000-12-24'), ('Mansha', 'Pasha', '1998-01-25');

INSERT INTO COURSE (Course_Title, Description, Duration, FEE, Level, Instructor_ID) VALUES
('Intro to HTML/CSS', 'Learn web design basics.', '4w', 100, 'Beginner', 1), ('Python Data Science', 'Python and Pandas.', '8w', 250, 'Intermediate', 2), ('Advanced Algorithms', 'Complex algorithms.', '10w', 300, 'Advanced', 3), ('Java Masterclass', 'Java programming.', '12w', 200, 'Beginner', 4), ('Neural Networks', 'Deep learning intro.', '6w', 150, 'Intermediate', 5),
('React Native Basics', 'Build mobile apps.', '6w', 120, 'Beginner', 6), ('Vue.js Fundamentals', 'Frontend with Vue.', '4w', 80, 'Beginner', 7), ('Angular Crash Course', 'Enterprise frontend.', '8w', 150, 'Intermediate', 8), ('Svelte 101', 'Modern reactive UI.', '4w', 70, 'Beginner', 9), ('PHP Web Dev', 'Dynamic websites.', '6w', 90, 'Beginner', 10),
('Laravel Mastery', 'PHP framework.', '8w', 140, 'Intermediate', 11), ('Node.js Backend', 'JS on the server.', '6w', 110, 'Intermediate', 12), ('Express API', 'Build RESTful APIs.', '4w', 85, 'Beginner', 13), ('MongoDB Essentials', 'NoSQL database.', '5w', 95, 'Beginner', 14), ('PostgreSQL Basics', 'Relational data.', '6w', 100, 'Intermediate', 15),
('Redis Caching', 'Speed up your apps.', '3w', 60, 'Advanced', 16), ('GraphQL APIs', 'Modern data querying.', '6w', 130, 'Advanced', 17), ('Next.js Apps', 'React framework.', '8w', 160, 'Advanced', 18), ('Nuxt.js Sites', 'Vue framework.', '6w', 120, 'Intermediate', 19), ('Tailwind CSS', 'Utility-first styling.', '4w', 50, 'Beginner', 20),
('Bootstrap 5', 'Responsive layouts.', '4w', 45, 'Beginner', 21), ('Material UI', 'React components.', '5w', 75, 'Intermediate', 22), ('Figma Advanced', 'Prototyping pro.', '6w', 105, 'Advanced', 23), ('Adobe XD UI', 'Design interfaces.', '5w', 80, 'Beginner', 24), ('Sketch UI', 'Mac design tool.', '5w', 85, 'Intermediate', 25),
('InVision Proto', 'Interactive mockups.', '4w', 65, 'Beginner', 26), ('Zeplin Handoff', 'Dev-designer sync.', '2w', 30, 'Beginner', 27), ('Webpack Config', 'Asset bundling.', '4w', 90, 'Advanced', 28), ('Vite Tooling', 'Fast frontend build.', '3w', 55, 'Intermediate', 29), ('Babel Setup', 'JS compiler.', '2w', 40, 'Beginner', 30),
('Intro to Cloud', 'Cloud basics', '4w', 100, 'Beginner', 31), ('Data Viz', 'Tableau', '6w', 150, 'Intermediate', 32), ('Cisco Routing', 'CCNA', '8w', 200, 'Advanced', 33), ('AI Ethics', 'Bias in AI', '4w', 100, 'Beginner', 34), ('AWS Architect', 'AWS', '8w', 250, 'Advanced', 35),
('Pen Testing', 'Kali Linux', '6w', 180, 'Intermediate', 36), ('UI Design', 'Figma', '4w', 120, 'Beginner', 37), ('Docker Basics', 'Containers', '4w', 130, 'Beginner', 38), ('Selenium QA', 'Automation', '6w', 160, 'Intermediate', 39), ('Scrum Master', 'Agile', '4w', 110, 'Beginner', 40),
('Arduino', 'IoT', '6w', 140, 'Intermediate', 41), ('Ethereum Dev', 'Solidity', '8w', 220, 'Advanced', 42), ('PyTorch', 'ML', '8w', 240, 'Advanced', 43), ('Kotlin App', 'Android', '6w', 170, 'Intermediate', 44), ('Swift App', 'iOS', '6w', 170, 'Intermediate', 45),
('Unreal Engine', 'C++', '8w', 260, 'Advanced', 46), ('Spring Boot', 'Java', '6w', 190, 'Intermediate', 47), ('Django Web', 'Python', '6w', 180, 'Intermediate', 48), ('Laravel', 'PHP', '6w', 150, 'Intermediate', 49), ('Rails API', 'Ruby', '4w', 130, 'Beginner', 50),
('React Native', 'Mobile', '6w', 200, 'Intermediate', 51), ('Angular Pro', 'Frontend', '8w', 210, 'Advanced', 52), ('Vue Mastery', 'VueJS', '6w', 160, 'Intermediate', 53), ('Express JS', 'Node', '4w', 140, 'Beginner', 54), ('PostgreSQL', 'SQL', '4w', 120, 'Beginner', 55);

INSERT INTO PAYMENT (Receipt_No, Transaction_Status, Payment_Date, Amount, Student_ID) VALUES
('REC-101', 'Completed', '2023-09-01', 100, 1), ('REC-102', 'Completed', '2023-09-02', 250, 2), ('REC-103', 'Pending', '2023-09-03', 300, 3), ('REC-104', 'Completed', '2023-09-04', 200, 4), ('REC-105', 'Failed', '2023-09-05', 150, 5),
('REC-106', 'Completed', '2023-10-01', 120, 6), ('REC-107', 'Completed', '2023-10-02', 80, 7), ('REC-108', 'Pending', '2023-10-03', 150, 8), ('REC-109', 'Completed', '2023-10-04', 70, 9), ('REC-110', 'Failed', '2023-10-05', 90, 10),
('REC-111', 'Completed', '2023-10-06', 140, 11), ('REC-112', 'Completed', '2023-10-07', 110, 12), ('REC-113', 'Pending', '2023-10-08', 85, 13), ('REC-114', 'Completed', '2023-10-09', 95, 14), ('REC-115', 'Completed', '2023-10-10', 100, 15),
('REC-116', 'Completed', '2023-10-11', 60, 16), ('REC-117', 'Failed', '2023-10-12', 130, 17), ('REC-118', 'Completed', '2023-10-13', 160, 18), ('REC-119', 'Completed', '2023-10-14', 120, 19), ('REC-120', 'Pending', '2023-10-15', 50, 20),
('REC-121', 'Completed', '2023-10-16', 45, 21), ('REC-122', 'Completed', '2023-10-17', 75, 22), ('REC-123', 'Completed', '2023-10-18', 105, 23), ('REC-124', 'Failed', '2023-10-19', 80, 24), ('REC-125', 'Completed', '2023-10-20', 85, 25),
('REC-126', 'Completed', '2023-10-21', 65, 26), ('REC-127', 'Pending', '2023-10-22', 30, 27), ('REC-128', 'Completed', '2023-10-23', 90, 28), ('REC-129', 'Completed', '2023-10-24', 55, 29), ('REC-130', 'Completed', '2023-10-25', 40, 30),
('REC-131', 'Completed', '2024-05-01', 100, 31), ('REC-132', 'Completed', '2024-05-02', 150, 32), ('REC-133', 'Pending', '2024-05-03', 200, 33), ('REC-134', 'Completed', '2024-05-04', 100, 34), ('REC-135', 'Failed', '2024-05-05', 250, 35),
('REC-136', 'Completed', '2024-05-06', 180, 36), ('REC-137', 'Completed', '2024-05-07', 120, 37), ('REC-138', 'Pending', '2024-05-08', 130, 38), ('REC-139', 'Completed', '2024-05-09', 160, 39), ('REC-140', 'Completed', '2024-05-10', 110, 40),
('REC-141', 'Completed', '2024-05-11', 140, 41), ('REC-142', 'Failed', '2024-05-12', 220, 42), ('REC-143', 'Completed', '2024-05-13', 240, 43), ('REC-144', 'Completed', '2024-05-14', 170, 44), ('REC-145', 'Pending', '2024-05-15', 170, 45),
('REC-146', 'Completed', '2024-05-16', 260, 46), ('REC-147', 'Completed', '2024-05-17', 190, 47), ('REC-148', 'Completed', '2024-05-18', 180, 48), ('REC-149', 'Failed', '2024-05-19', 150, 49), ('REC-150', 'Completed', '2024-05-20', 130, 50),
('REC-151', 'Completed', '2024-05-21', 200, 51), ('REC-152', 'Pending', '2024-05-22', 210, 52), ('REC-153', 'Completed', '2024-05-23', 160, 53), ('REC-154', 'Completed', '2024-05-24', 140, 54), ('REC-155', 'Completed', '2024-05-25', 120, 55);

INSERT INTO CERTIFICATE (Certificate_Code, Verification_No, Grade, Completion_Status, Issue_Date, Student_ID) VALUES
('CRT-01', 'VER-001', 'A', 'Completed', '2024-08-01', 1), ('CRT-02', 'VER-002', 'B', 'Completed', '2024-08-01', 2), ('CRT-03', 'VER-003', 'A', 'Completed', '2024-08-01', 3), ('CRT-04', 'VER-004', 'B', 'Completed', '2024-08-01', 4), ('CRT-05', 'VER-005', 'A', 'Completed', '2024-08-01', 5),
('CRT-06', 'VER-006', 'A', 'Completed', '2024-08-01', 6), ('CRT-07', 'VER-007', 'B', 'Completed', '2024-08-01', 7), ('CRT-08', 'VER-008', 'A', 'Completed', '2024-08-01', 8), ('CRT-09', 'VER-009', 'B', 'Completed', '2024-08-01', 9), ('CRT-10', 'VER-010', 'A', 'Completed', '2024-08-01', 10),
('CRT-11', 'VER-011', 'A', 'Completed', '2024-08-01', 11), ('CRT-12', 'VER-012', 'B', 'Completed', '2024-08-01', 12), ('CRT-13', 'VER-013', 'A', 'Completed', '2024-08-01', 13), ('CRT-14', 'VER-014', 'B', 'Completed', '2024-08-01', 14), ('CRT-15', 'VER-015', 'A', 'Completed', '2024-08-01', 15),
('CRT-16', 'VER-016', 'A', 'Completed', '2024-08-01', 16), ('CRT-17', 'VER-017', 'B', 'Completed', '2024-08-01', 17), ('CRT-18', 'VER-018', 'A', 'Completed', '2024-08-01', 18), ('CRT-19', 'VER-019', 'B', 'Completed', '2024-08-01', 19), ('CRT-20', 'VER-020', 'A', 'Completed', '2024-08-01', 20),
('CRT-21', 'VER-021', 'A', 'Completed', '2024-08-01', 21), ('CRT-22', 'VER-022', 'B', 'Completed', '2024-08-01', 22), ('CRT-23', 'VER-023', 'A', 'Completed', '2024-08-01', 23), ('CRT-24', 'VER-024', 'B', 'Completed', '2024-08-01', 24), ('CRT-25', 'VER-025', 'A', 'Completed', '2024-08-01', 25),
('CRT-26', 'VER-026', 'A', 'Completed', '2024-08-01', 26), ('CRT-27', 'VER-027', 'B', 'Completed', '2024-08-01', 27), ('CRT-28', 'VER-028', 'A', 'Completed', '2024-08-01', 28), ('CRT-29', 'VER-029', 'B', 'Completed', '2024-08-01', 29), ('CRT-30', 'VER-030', 'A', 'Completed', '2024-08-01', 30),
('CRT-31', 'VER-031', 'A', 'Completed', '2024-08-01', 31), ('CRT-32', 'VER-032', 'B', 'Completed', '2024-08-01', 32), ('CRT-33', 'VER-033', 'A', 'Completed', '2024-08-01', 33), ('CRT-34', 'VER-034', 'B', 'Completed', '2024-08-01', 34), ('CRT-35', 'VER-035', 'A', 'Completed', '2024-08-01', 35),
('CRT-36', 'VER-036', 'A', 'Completed', '2024-08-01', 36), ('CRT-37', 'VER-037', 'B', 'Completed', '2024-08-01', 37), ('CRT-38', 'VER-038', 'A', 'Completed', '2024-08-01', 38), ('CRT-39', 'VER-039', 'B', 'Completed', '2024-08-01', 39), ('CRT-40', 'VER-040', 'A', 'Completed', '2024-08-01', 40),
('CRT-41', 'VER-041', 'A', 'Completed', '2024-08-01', 41), ('CRT-42', 'VER-042', 'B', 'Completed', '2024-08-01', 42), ('CRT-43', 'VER-043', 'A', 'Completed', '2024-08-01', 43), ('CRT-44', 'VER-044', 'B', 'Completed', '2024-08-01', 44), ('CRT-45', 'VER-045', 'A', 'Completed', '2024-08-01', 45),
('CRT-46', 'VER-046', 'A', 'Completed', '2024-08-01', 46), ('CRT-47', 'VER-047', 'B', 'Completed', '2024-08-01', 47), ('CRT-48', 'VER-048', 'A', 'Completed', '2024-08-01', 48), ('CRT-49', 'VER-049', 'B', 'Completed', '2024-08-01', 49), ('CRT-50', 'VER-050', 'A', 'Completed', '2024-08-01', 50),
('CRT-51', 'VER-051', 'A', 'Completed', '2024-08-01', 51), ('CRT-52', 'VER-052', 'B', 'Completed', '2024-08-01', 52), ('CRT-53', 'VER-053', 'A', 'Completed', '2024-08-01', 53), ('CRT-54', 'VER-054', 'B', 'Completed', '2024-08-01', 54), ('CRT-55', 'VER-055', 'A', 'Completed', '2024-08-01', 55);

INSERT INTO NOTIFICATION (UUID, Type, Date, Message, Receiver, Student_ID) VALUES
('UUID-001', 'Alert', '2024-08-01', 'Course started', 'User', 1), ('UUID-002', 'Info', '2024-08-01', 'Update received', 'User', 2), ('UUID-003', 'Alert', '2024-08-01', 'Course started', 'User', 3), ('UUID-004', 'Info', '2024-08-01', 'Update received', 'User', 4), ('UUID-005', 'Alert', '2024-08-01', 'Course started', 'User', 5),
('UUID-006', 'Alert', '2024-08-01', 'Course started', 'User', 6), ('UUID-007', 'Info', '2024-08-01', 'Update received', 'User', 7), ('UUID-008', 'Alert', '2024-08-01', 'Course started', 'User', 8), ('UUID-009', 'Info', '2024-08-01', 'Update received', 'User', 9), ('UUID-010', 'Alert', '2024-08-01', 'Course started', 'User', 10),
('UUID-011', 'Alert', '2024-08-01', 'Course started', 'User', 11), ('UUID-012', 'Info', '2024-08-01', 'Update received', 'User', 12), ('UUID-013', 'Alert', '2024-08-01', 'Course started', 'User', 13), ('UUID-014', 'Info', '2024-08-01', 'Update received', 'User', 14), ('UUID-015', 'Alert', '2024-08-01', 'Course started', 'User', 15),
('UUID-016', 'Alert', '2024-08-01', 'Course started', 'User', 16), ('UUID-017', 'Info', '2024-08-01', 'Update received', 'User', 17), ('UUID-018', 'Alert', '2024-08-01', 'Course started', 'User', 18), ('UUID-019', 'Info', '2024-08-01', 'Update received', 'User', 19), ('UUID-020', 'Alert', '2024-08-01', 'Course started', 'User', 20),
('UUID-021', 'Alert', '2024-08-01', 'Course started', 'User', 21), ('UUID-022', 'Info', '2024-08-01', 'Update received', 'User', 22), ('UUID-023', 'Alert', '2024-08-01', 'Course started', 'User', 23), ('UUID-024', 'Info', '2024-08-01', 'Update received', 'User', 24), ('UUID-025', 'Alert', '2024-08-01', 'Course started', 'User', 25),
('UUID-026', 'Alert', '2024-08-01', 'Course started', 'User', 26), ('UUID-027', 'Info', '2024-08-01', 'Update received', 'User', 27), ('UUID-028', 'Alert', '2024-08-01', 'Course started', 'User', 28), ('UUID-029', 'Info', '2024-08-01', 'Update received', 'User', 29), ('UUID-030', 'Alert', '2024-08-01', 'Course started', 'User', 30),
('UUID-031', 'Alert', '2024-08-01', 'Course started', 'User', 31), ('UUID-032', 'Info', '2024-08-01', 'Update received', 'User', 32), ('UUID-033', 'Alert', '2024-08-01', 'Course started', 'User', 33), ('UUID-034', 'Info', '2024-08-01', 'Update received', 'User', 34), ('UUID-035', 'Alert', '2024-08-01', 'Course started', 'User', 35),
('UUID-036', 'Alert', '2024-08-01', 'Course started', 'User', 36), ('UUID-037', 'Info', '2024-08-01', 'Update received', 'User', 37), ('UUID-038', 'Alert', '2024-08-01', 'Course started', 'User', 38), ('UUID-039', 'Info', '2024-08-01', 'Update received', 'User', 39), ('UUID-040', 'Alert', '2024-08-01', 'Course started', 'User', 40),
('UUID-041', 'Alert', '2024-08-01', 'Course started', 'User', 41), ('UUID-042', 'Info', '2024-08-01', 'Update received', 'User', 42), ('UUID-043', 'Alert', '2024-08-01', 'Course started', 'User', 43), ('UUID-044', 'Info', '2024-08-01', 'Update received', 'User', 44), ('UUID-045', 'Alert', '2024-08-01', 'Course started', 'User', 45),
('UUID-046', 'Alert', '2024-08-01', 'Course started', 'User', 46), ('UUID-047', 'Info', '2024-08-01', 'Update received', 'User', 47), ('UUID-048', 'Alert', '2024-08-01', 'Course started', 'User', 48), ('UUID-049', 'Info', '2024-08-01', 'Update received', 'User', 49), ('UUID-050', 'Alert', '2024-08-01', 'Course started', 'User', 50),
('UUID-051', 'Alert', '2024-08-01', 'Course started', 'User', 51), ('UUID-052', 'Info', '2024-08-01', 'Update received', 'User', 52), ('UUID-053', 'Alert', '2024-08-01', 'Course started', 'User', 53), ('UUID-054', 'Info', '2024-08-01', 'Update received', 'User', 54), ('UUID-055', 'Alert', '2024-08-01', 'Course started', 'User', 55);

INSERT INTO STUDENT_PHONE (Student_ID, Phone_No) VALUES
(1, '555-0201'), (2, '555-0202'), (3, '555-0203'), (4, '555-0204'), (5, '555-0205'),
(6, '0333-2626262'), (7, '0333-2727272'), (8, '0333-2828282'), (9, '0333-2929292'), (10, '0333-3030303'),
(11, '0333-3131313'), (12, '0333-3232323'), (13, '0333-3333333'), (14, '0333-3434343'), (15, '0333-3535353'),
(16, '0333-3636366'), (17, '0333-3737373'), (18, '0333-3838383'), (19, '0333-3939393'), (20, '0333-4040404'),
(21, '0333-4141414'), (22, '0333-4242424'), (23, '0333-4343434'), (24, '0333-4444444'), (25, '0333-4545454'),
(26, '0333-4646464'), (27, '0333-4747474'), (28, '0333-4848484'), (29, '0333-4949494'), (30, '0333-5050505'),
(31, '0321-5151515'), (32, '0321-5252525'), (33, '0321-5353535'), (34, '0321-5454545'), (35, '0321-5555555'),
(36, '0321-5656565'), (37, '0321-5757575'), (38, '0321-5858585'), (39, '0321-5959595'), (40, '0321-6060606'),
(41, '0321-6161616'), (42, '0321-6262626'), (43, '0321-6363636'), (44, '0321-6464646'), (45, '0321-6565656'),
(46, '0321-6666666'), (47, '0321-6767676'), (48, '0321-6868686'), (49, '0321-6969696'), (50, '0321-7070707'),
(51, '0321-7171717'), (52, '0321-7272727'), (53, '0321-7373737'), (54, '0321-7474744'), (55, '0321-7575757');

INSERT INTO STUDENT_EMAIL (Email, Student_ID) VALUES
('alice@example.com', 1), ('bob@example.com', 2), ('charlie@example.com', 3), ('diana@example.com', 4), ('evan@example.com', 5),
('kubra@pk-edu.com', 6), ('ramsha@pk-edu.com', 7), ('madiha@pk-edu.com', 8), ('sana_j@pk-edu.com', 9), ('kinza@pk-edu.com', 10),
('minal@pk-edu.com', 11), ('saboor@pk-edu.com', 12), ('hiba@pk-edu.com', 13), ('neelam@pk-edu.com', 14), ('sarah@pk-edu.com', 15),
('noor_z@pk-edu.com', 16), ('alizeh@pk-edu.com', 17), ('komal@pk-edu.com', 18), ('momina@pk-edu.com', 19), ('aima@pk-edu.com', 20),
('gul@pk-edu.com', 21), ('nazia@pk-edu.com', 22), ('hadiqa@pk-edu.com', 23), ('zeb@pk-edu.com', 24), ('meesha@pk-edu.com', 25),
('abida@pk-edu.com', 26), ('naseebo@pk-edu.com', 27), ('iqra_h@pk-edu.com', 28), ('aiman_m@pk-edu.com', 29), ('asim@pk-edu.com', 30),
('mahira@lms.edu', 31), ('sajal@lms.edu', 32), ('iqra_a@lms.edu', 33), ('yumna@lms.edu', 34), ('hania@lms.edu', 35),
('ayeza@lms.edu', 36), ('maya@lms.edu', 37), ('saba@lms.edu', 38), ('kinza_h@lms.edu', 39), ('aiman_k@lms.edu', 40),
('minal_k@lms.edu', 41), ('saboor_a@lms.edu', 42), ('sarah_k@lms.edu', 43), ('neelam_m@lms.edu', 44), ('hiba_b@lms.edu', 45),
('ramsha_k@lms.edu', 46), ('alizeh_s@lms.edu', 47), ('komal_m@lms.edu', 48), ('zarnish@lms.edu', 49), ('sana_j2@lms.edu', 50),
('urwa@lms.edu', 51), ('mawra@lms.edu', 52), ('kubra_k@lms.edu', 53), ('ushna@lms.edu', 54), ('mansha@lms.edu', 55);

INSERT INTO INSTRUCTOR_EMAIL (Email, Instructor_ID) VALUES
('john@edu.pk', 1), ('jane@edu.pk', 2), ('alan@edu.pk', 3), ('grace@edu.pk', 4), ('ada@edu.pk', 5),
('shoaib@edu.pk', 6), ('tariq@edu.pk', 7), ('noman@edu.pk', 8), ('fawad@edu.pk', 9), ('sami@edu.pk', 10),
('mikaal@edu.pk', 11), ('zahid@edu.pk', 12), ('gohar@edu.pk', 13), ('ali_r@edu.pk', 14), ('osman@edu.pk', 15),
('adeel@edu.pk', 16), ('shehzad@edu.pk', 17), ('affan@edu.pk', 18), ('junaid@edu.pk', 19), ('agha@edu.pk', 20),
('azfar@edu.pk', 21), ('shahzad@edu.pk', 22), ('hassan@edu.pk', 23), ('ali_s@edu.pk', 24), ('sarmad@edu.pk', 25),
('adnan@edu.pk', 26), ('humayun@edu.pk', 27), ('emmad@edu.pk', 28), ('muneeb@edu.pk', 29), ('noor_h@edu.pk', 30),
('imran@edu.pk', 31), ('babar@edu.pk', 32), ('shaheen@edu.pk', 33), ('haris@edu.pk', 34), ('shadab@edu.pk', 35),
('fakhar@edu.pk', 36), ('rizwan@edu.pk', 37), ('naseem@edu.pk', 38), ('hasan_a@edu.pk', 39), ('iftikhar@edu.pk', 40),
('agha_s@edu.pk', 41), ('saud@edu.pk', 42), ('usama@edu.pk', 43), ('nawaz@edu.pk', 44), ('imad@edu.pk', 45),
('faheem@edu.pk', 46), ('sarfraz@edu.pk', 47), ('shan@edu.pk', 48), ('abid@edu.pk', 49), ('azhar@edu.pk', 50),
('fawad_a@edu.pk', 51), ('asad@edu.pk', 52), ('wahab@edu.pk', 53), ('amir@edu.pk', 54), ('shoaib_m@edu.pk', 55);

INSERT INTO PAYMENT_METHOD (Slip_id) VALUES
(1), (2), (3), (4), (5), (6), (7), (8), (9), (10),
(11), (12), (13), (14), (15), (16), (17), (18), (19), (20),
(21), (22), (23), (24), (25), (26), (27), (28), (29), (30),
(31), (32), (33), (34), (35), (36), (37), (38), (39), (40),
(41), (42), (43), (44), (45), (46), (47), (48), (49), (50),
(51), (52), (53), (54), (55);

INSERT INTO ENROLLMENT (Student_ID, Course_ID, Date, Progress, Grade) VALUES
(1, 1, '2023-09-02', 100, 'A'), (2, 2, '2023-09-03', 50, 'B'), (3, 3, '2023-09-04', 10, NULL), (4, 4, '2023-09-05', 80, 'A-'), (5, 5, '2023-09-06', 0, NULL),
(6, 6, '2023-10-02', 100, 'A'), (7, 7, '2023-10-03', 50, 'B'), (8, 8, '2023-10-04', 10, NULL), (9, 9, '2023-10-05', 80, 'A-'), (10, 10, '2023-10-06', 0, NULL),
(11, 11, '2023-10-07', 25, 'C'), (12, 12, '2023-10-08', 90, 'A+'), (13, 13, '2023-10-09', 40, 'B-'), (14, 14, '2023-10-10', 60, 'B'), (15, 15, '2023-10-11', 100, 'A'),
(16, 16, '2023-10-12', 15, NULL), (17, 17, '2023-10-13', 85, 'A-'), (18, 18, '2023-10-14', 55, 'C+'), (19, 19, '2023-10-15', 75, 'B+'), (20, 20, '2023-10-16', 5, NULL),
(21, 21, '2023-10-17', 95, 'A+'), (22, 22, '2023-10-18', 45, 'C'), (23, 23, '2023-10-19', 100, 'A'), (24, 24, '2023-10-20', 30, 'D'), (25, 25, '2023-10-21', 65, 'B-'),
(26, 26, '2023-10-22', 88, 'A-'), (27, 27, '2023-10-23', 12, NULL), (28, 28, '2023-10-24', 98, 'A+'), (29, 29, '2023-10-25', 50, 'B'), (30, 30, '2023-10-26', 100, 'A'),
(31, 31, '2024-01-02', 100, 'A'), (32, 32, '2024-01-03', 50, 'B'), (33, 33, '2024-01-04', 10, NULL), (34, 34, '2024-01-05', 80, 'A-'), (35, 35, '2024-01-06', 0, NULL),
(36, 36, '2024-01-07', 25, 'C'), (37, 37, '2024-01-08', 90, 'A+'), (38, 38, '2024-01-09', 40, 'B-'), (39, 39, '2024-01-10', 60, 'B'), (40, 40, '2024-01-11', 100, 'A'),
(41, 41, '2024-01-12', 15, NULL), (42, 42, '2024-01-13', 85, 'A-'), (43, 43, '2024-01-14', 55, 'C+'), (44, 44, '2024-01-15', 75, 'B+'), (45, 45, '2024-01-16', 5, NULL),
(46, 46, '2024-01-17', 95, 'A+'), (47, 47, '2024-01-18', 45, 'C'), (48, 48, '2024-01-19', 100, 'A'), (49, 49, '2024-01-20', 30, 'D'), (50, 50, '2024-01-21', 65, 'B-'),
(51, 51, '2024-01-22', 88, 'A-'), (52, 52, '2024-01-23', 12, NULL), (53, 53, '2024-01-24', 98, 'A+'), (54, 54, '2024-01-25', 50, 'B'), (55, 55, '2024-01-26', 100, 'A');

INSERT INTO LESSON (Lesson_Title, Content_Type, Duration, Upload_Date, Sequence_No, Course_ID) VALUES
('HTML Basics', 'Video', '15 mins', '2023-08-20', 1, 1), ('CSS Styling', 'PDF', '30 mins', '2023-08-21', 2, 1), ('Pandas Intro', 'Video', '45 mins', '2023-08-22', 1, 2), ('Sorting Algorithms', 'Text', '20 mins', '2023-08-23', 1, 3), ('Java Variables', 'Video', '25 mins', '2023-08-24', 1, 4),
('Components Intro', 'Video', '15 mins', '2023-09-20', 1, 6), ('Directives', 'Video', '45 mins', '2023-09-22', 1, 7), ('NgModules', 'Text', '20 mins', '2023-09-23', 1, 8), ('Reactivity Basics', 'Video', '25 mins', '2023-09-24', 1, 9), ('Variables in PHP', 'Video', '30 mins', '2023-09-25', 1, 10),
('Routing Laravel', 'PDF', '15 mins', '2023-09-26', 1, 11), ('Event Loop', 'Video', '40 mins', '2023-09-27', 1, 12), ('Middleware', 'Video', '35 mins', '2023-09-28', 1, 13), ('Documents/Collections', 'Text', '25 mins', '2023-09-29', 1, 14), ('Primary Keys', 'Video', '50 mins', '2023-09-30', 1, 15),
('In-memory data', 'PDF', '20 mins', '2023-10-01', 1, 16), ('Schemas & Types', 'Video', '30 mins', '2023-10-02', 1, 17), ('Server Side Render', 'Video', '45 mins', '2023-10-03', 1, 18), ('Vuex Store', 'Text', '40 mins', '2023-10-04', 1, 19), ('Utility Classes', 'Video', '55 mins', '2023-10-05', 1, 20),
('Grid System', 'Video', '20 mins', '2023-10-06', 1, 21), ('Theme Provider', 'PDF', '30 mins', '2023-10-07', 1, 22), ('Auto Layout', 'Video', '45 mins', '2023-10-08', 1, 23), ('Artboards', 'Text', '15 mins', '2023-10-09', 1, 24), ('Symbols', 'Video', '35 mins', '2023-10-10', 1, 25),
('Hotspots', 'PDF', '25 mins', '2023-10-11', 1, 26), ('Export Assets', 'Video', '40 mins', '2023-10-12', 1, 27), ('Loaders', 'Text', '20 mins', '2023-10-13', 1, 28), ('HMR Config', 'Video', '50 mins', '2023-10-14', 1, 29), ('Presets', 'Video', '30 mins', '2023-10-15', 1, 30),
('EC2 Basics', 'Video', '15m', '2023-12-01', 1, 31), ('Airflow Intro', 'Video', '45m', '2023-12-02', 1, 32), ('Firewalls', 'Text', '20m', '2023-12-03', 1, 33), ('SWOT Analysis', 'Video', '25m', '2023-12-04', 1, 34), ('DAWs Intro', 'Video', '30m', '2023-12-05', 1, 35),
('Layers Guide', 'PDF', '15m', '2023-12-06', 1, 36), ('Keywords', 'Video', '40m', '2023-12-07', 1, 37), ('Ad Manager', 'Video', '35m', '2023-12-08', 1, 38), ('Hooks', 'Text', '25m', '2023-12-09', 1, 39), ('Midi Mapping', 'Video', '50m', '2023-12-10', 1, 40),
('Bass Traps', 'PDF', '20m', '2023-12-11', 1, 41), ('Press Release', 'Video', '30m', '2023-12-12', 1, 42), ('HIPAA Law', 'Video', '45m', '2023-12-13', 1, 43), ('Critical Path', 'Text', '40m', '2023-12-14', 1, 44), ('Turnover Rates', 'Video', '55m', '2023-12-15', 1, 45),
('GDPR Intro', 'Video', '20m', '2023-12-16', 1, 46), ('Sprint Planning', 'PDF', '30m', '2023-12-17', 1, 47), ('A/B Testing', 'Video', '45m', '2023-12-18', 1, 48), ('Hero Journey', 'Text', '15m', '2023-12-19', 1, 49), ('Timeline Tool', 'Video', '35m', '2023-12-20', 1, 50),
('Color Science', 'PDF', '25m', '2023-12-21', 1, 51), ('Scene Headings', 'Video', '40m', '2023-12-22', 1, 52), ('AI Bias', 'Text', '20m', '2023-12-23', 1, 53), ('Syntax Check', 'Video', '50m', '2023-12-24', 1, 54), ('Thermal Paste', 'Video', '30m', '2023-12-25', 1, 55);

INSERT INTO ASSIGNMENT (Title, Instructions, Submission_Type, Total_Marks, Deadline, Course_ID) VALUES
('Build a Webpage', 'Create a bio page.', 'File Upload', 100, '2023-09-15', 1), ('Data Cleaning Task', 'Clean dataset.', 'File Upload', 50, '2023-09-20', 2), ('Algorithm Opt', 'Optimize code.', 'Text Entry', 100, '2023-09-25', 3), ('Calculator App', 'Java calc.', 'File Upload', 100, '2023-09-30', 4), ('Model Training', 'Train neural net.', 'File Upload', 150, '2023-10-05', 5),
('App Layout', 'Build screens.', 'File Upload', 100, '2023-10-15', 6), ('Todo App', 'Vue state.', 'File Upload', 50, '2023-10-20', 7), ('Services Task', 'Angular DI.', 'Text Entry', 100, '2023-10-25', 8), ('Store Demo', 'Svelte stores.', 'File Upload', 100, '2023-10-30', 9), ('Login Script', 'PHP form.', 'File Upload', 150, '2023-11-05', 10),
('Eloquent Query', 'ORM task.', 'File Upload', 100, '2023-11-10', 11), ('File Server', 'Node FS.', 'File Upload', 80, '2023-11-15', 12), ('CRUD API', 'Express routes.', 'File Upload', 100, '2023-11-20', 13), ('Aggregation', 'Mongo pipeline.', 'File Upload', 120, '2023-11-25', 14), ('Join Tables', 'SQL practice.', 'File Upload', 100, '2023-11-30', 15),
('Cache Setup', 'Redis config.', 'File Upload', 150, '2023-12-05', 16), ('Mutations', 'GraphQL schema.', 'File Upload', 50, '2023-12-10', 17), ('Dynamic Route', 'Next pages.', 'File Upload', 100, '2023-12-15', 18), ('Vue Meta', 'SEO tags.', 'Text Entry', 100, '2023-12-20', 19), ('Flexbox Demo', 'Tailwind grid.', 'File Upload', 200, '2023-12-25', 20),
('Navbar Design', 'Bootstrap 5.', 'File Upload', 80, '2023-12-30', 21), ('Custom Theme', 'Material UI.', 'File Upload', 100, '2024-01-05', 22), ('Prototype Link', 'Submit URL.', 'Text Entry', 150, '2024-01-10', 23), ('Mobile View', 'XD file.', 'File Upload', 50, '2024-01-15', 24), ('Component Lib', 'Sketch file.', 'File Upload', 100, '2024-01-20', 25),
('Animation Sync', 'InVision task.', 'File Upload', 100, '2024-01-25', 26), ('Code Snippets', 'Zeplin CSS.', 'Text Entry', 50, '2024-01-30', 27), ('Prod Build', 'Webpack output.', 'Text Entry', 50, '2024-02-05', 28), ('Vite Plugin', 'JS code.', 'File Upload', 150, '2024-02-10', 29), ('AST Parser', 'Babel code.', 'File Upload', 100, '2024-02-15', 30),
('Deploy S3', 'Setup bucket.', 'File Upload', 100, '2024-01-15', 31), ('DAG Script', 'Write python DAG.', 'File Upload', 50, '2024-01-20', 32), ('Port Scan', 'Nmap scan.', 'Text Entry', 100, '2024-01-25', 33), ('Case Study', 'Analyze Apple.', 'File Upload', 100, '2024-01-30', 34), ('Beat Match', 'Export MP3.', 'File Upload', 150, '2024-02-05', 35),
('Logo Mask', 'Use pen tool.', 'File Upload', 100, '2024-02-10', 36), ('Site Audit', 'SEO report.', 'File Upload', 80, '2024-02-15', 37), ('Pixel Setup', 'Meta pixel code.', 'File Upload', 100, '2024-02-20', 38), ('Sales Email', 'Draft sequence.', 'File Upload', 120, '2024-02-25', 39), ('Remix Track', 'Stem mixing.', 'File Upload', 100, '2024-02-28', 40),
('Room Plan', 'Draw diffusers.', 'File Upload', 150, '2024-03-05', 41), ('Media Pitch', 'Draft email.', 'File Upload', 50, '2024-03-10', 42), ('HL7 Schema', 'Map data.', 'File Upload', 100, '2024-03-15', 43), ('Gantt Chart', 'Project timeline.', 'Text Entry', 100, '2024-03-20', 44), ('Excel Dash', 'HR metrics.', 'File Upload', 200, '2024-03-25', 45),
('Policy Draft', 'Privacy policy.', 'File Upload', 80, '2024-03-30', 46), ('Backlog Groom', 'Jira board.', 'File Upload', 100, '2024-04-05', 47), ('Heatmap Review', 'Hotjar data.', 'Text Entry', 150, '2024-04-10', 48), ('Character Arc', '3 Act structure.', 'File Upload', 50, '2024-04-15', 49), ('Jump Cuts', 'Edit sequence.', 'File Upload', 100, '2024-04-20', 50),
('LUT Grade', 'Color correction.', 'File Upload', 100, '2024-04-25', 51), ('Dialogue', '2 page script.', 'Text Entry', 50, '2024-04-30', 52), ('Essay', 'Trolley problem.', 'Text Entry', 50, '2024-05-05', 53), ('Payroll Prog', 'Cobol task.', 'File Upload', 150, '2024-05-10', 54), ('Cable Manage', 'Photo upload.', 'File Upload', 100, '2024-05-15', 55);

INSERT INTO ASSIGNMENT_SUBMISSION (Student_ID, Assignment_Code, Submission_Date) VALUES
(1, 1, '2023-09-14'), (2, 2, '2023-09-19'), (3, 3, '2023-09-24'), (4, 4, '2023-09-29'), (5, 5, '2023-10-04'),
(6, 6, '2023-10-14'), (7, 7, '2023-10-19'), (8, 8, '2023-10-24'), (9, 9, '2023-10-29'), (10, 10, '2023-11-04'),
(11, 11, '2023-11-09'), (12, 12, '2023-11-14'), (13, 13, '2023-11-19'), (14, 14, '2023-11-24'), (15, 15, '2023-11-29'),
(16, 16, '2023-12-04'), (17, 17, '2023-12-09'), (18, 18, '2023-12-14'), (19, 19, '2023-12-19'), (20, 20, '2023-12-24'),
(21, 21, '2023-12-29'), (22, 22, '2024-01-04'), (23, 23, '2024-01-09'), (24, 24, '2024-01-14'), (25, 25, '2024-01-19'),
(26, 26, '2024-01-24'), (27, 27, '2024-01-29'), (28, 28, '2024-02-04'), (29, 29, '2024-02-09'), (30, 30, '2024-02-14'),
(31, 31, '2024-01-14'), (32, 32, '2024-01-19'), (33, 33, '2024-01-24'), (34, 34, '2024-01-29'), (35, 35, '2024-02-04'),
(36, 36, '2024-02-09'), (37, 37, '2024-02-14'), (38, 38, '2024-02-19'), (39, 39, '2024-02-24'), (40, 40, '2024-02-27'),
(41, 41, '2024-03-04'), (42, 42, '2024-03-09'), (43, 43, '2024-03-14'), (44, 44, '2024-03-19'), (45, 45, '2024-03-24'),
(46, 46, '2024-03-29'), (47, 47, '2024-04-04'), (48, 48, '2024-04-09'), (49, 49, '2024-04-14'), (50, 50, '2024-04-19'),
(51, 51, '2024-04-24'), (52, 52, '2024-04-29'), (53, 53, '2024-05-04'), (54, 54, '2024-05-09'), (55, 55, '2024-05-14');

INSERT INTO QUIZ (Quiz_Title, Total_Marks, Passing_Marks, Attempts_Allowed, Time_Limit, Course_ID) VALUES
('HTML Elements Quiz', 20, 10, 3, 15, 1), ('Data Types Quiz', 30, 15, 2, 20, 2), ('Time Complexity Quiz', 50, 30, 1, 30, 3), ('OOP Concepts', 40, 20, 2, 25, 4), ('Perceptron Quiz', 25, 15, 3, 15, 5),
('Props Quiz', 20, 10, 3, 15, 6), ('Directives Quiz', 30, 15, 2, 20, 7), ('RxJS Quiz', 50, 30, 1, 30, 8), ('Stores Quiz', 40, 20, 2, 25, 9), ('Syntax Quiz', 25, 15, 3, 15, 10),
('Artisan Quiz', 20, 10, 2, 10, 11), ('Core Modules Quiz', 30, 15, 1, 20, 12), ('Routing Quiz', 40, 20, 2, 30, 13), ('Mongoose Quiz', 25, 12, 3, 15, 14), ('Keys Quiz', 35, 18, 2, 25, 15),
('Pub/Sub Quiz', 20, 10, 3, 15, 16), ('Types Quiz', 50, 25, 2, 30, 17), ('getStaticProps Quiz', 30, 15, 2, 20, 18), ('Nuxt Config Quiz', 40, 20, 1, 25, 19), ('Responsive Quiz', 25, 12, 3, 15, 20),
('Cards Quiz', 20, 10, 2, 10, 21), ('MUI Grid Quiz', 30, 15, 1, 20, 22), ('Plugins Quiz', 50, 25, 2, 30, 23), ('Vector Tools Quiz', 25, 12, 3, 15, 24), ('Overrides Quiz', 35, 18, 2, 20, 25),
('Transitions Quiz', 20, 10, 2, 15, 26), ('Assets Quiz', 30, 15, 1, 20, 27), ('Loaders Quiz', 40, 20, 2, 25, 28), ('ESBuild Quiz', 50, 25, 1, 30, 29), ('Presets Quiz', 30, 15, 2, 20, 30),
('IAM Quiz', 20, 10, 3, 15, 31), ('Kafka Quiz', 30, 15, 2, 20, 32), ('Malware Quiz', 50, 30, 1, 30, 33), ('KPIs Quiz', 40, 20, 2, 25, 34), ('EQ Quiz', 25, 15, 3, 15, 35),
('Vectors Quiz', 20, 10, 2, 10, 36), ('Backlinks Quiz', 30, 15, 1, 20, 37), ('CPA Quiz', 40, 20, 2, 30, 38), ('AIDA Quiz', 25, 12, 3, 15, 39), ('Compression Quiz', 35, 18, 2, 25, 40),
('Reverb Quiz', 20, 10, 3, 15, 41), ('Crisis Mgmt Quiz', 50, 25, 2, 30, 42), ('EHR Quiz', 30, 15, 2, 20, 43), ('Risk Quiz', 40, 20, 1, 25, 44), ('Retention Quiz', 25, 12, 3, 15, 45),
('Compliance Quiz', 20, 10, 2, 10, 46), ('Standup Quiz', 30, 15, 1, 20, 47), ('Personas Quiz', 50, 25, 2, 30, 48), ('Protagonist Quiz', 25, 12, 3, 15, 49), ('Export Quiz', 35, 18, 2, 20, 50),
('Lenses Quiz', 20, 10, 2, 15, 51), ('Format Quiz', 30, 15, 1, 20, 52), ('Bias Quiz', 40, 20, 2, 25, 53), ('JCL Quiz', 50, 25, 1, 30, 54), ('Motherboard Quiz', 30, 15, 2, 20, 55);

INSERT INTO QUIZ_ATTEMPT (Quiz_ID, Student_ID, Score, Attempts_Date) VALUES
(1, 1, 18, '2023-09-10'), (2, 2, 25, '2023-09-12'), (3, 3, 35, '2023-09-15'), (4, 4, 38, '2023-09-18'), (5, 5, 20, '2023-09-20'),
(6, 6, 18, '2023-10-10'), (7, 7, 25, '2023-10-12'), (8, 8, 35, '2023-10-15'), (9, 9, 38, '2023-10-18'), (10, 10, 20, '2023-10-20'),
(11, 11, 15, '2023-10-22'), (12, 12, 28, '2023-10-24'), (13, 13, 30, '2023-10-26'), (14, 14, 22, '2023-10-28'), (15, 15, 32, '2023-10-30'),
(16, 16, 19, '2023-11-02'), (17, 17, 45, '2023-11-04'), (18, 18, 20, '2023-11-06'), (19, 19, 35, '2023-11-08'), (20, 20, 14, '2023-11-10'),
(21, 21, 18, '2023-11-12'), (22, 22, 25, '2023-11-14'), (23, 23, 48, '2023-11-16'), (24, 24, 20, '2023-11-18'), (25, 25, 30, '2023-11-20'),
(26, 26, 18, '2023-11-22'), (27, 27, 28, '2023-11-24'), (28, 28, 35, '2023-11-26'), (29, 29, 40, '2023-11-28'), (30, 30, 28, '2023-11-30'),
(31, 31, 18, '2024-01-10'), (32, 32, 25, '2024-01-12'), (33, 33, 35, '2024-01-15'), (34, 34, 38, '2024-01-18'), (35, 35, 20, '2024-01-20'),
(36, 36, 15, '2024-01-22'), (37, 37, 28, '2024-01-24'), (38, 38, 30, '2024-01-26'), (39, 39, 22, '2024-01-28'), (40, 40, 32, '2024-01-30'),
(41, 41, 19, '2024-02-02'), (42, 42, 45, '2024-02-04'), (43, 43, 20, '2024-02-06'), (44, 44, 35, '2024-02-08'), (45, 45, 14, '2024-02-10'),
(46, 46, 18, '2024-02-12'), (47, 47, 25, '2024-02-14'), (48, 48, 48, '2024-02-16'), (49, 49, 20, '2024-02-18'), (50, 50, 30, '2024-02-20'),
(51, 51, 18, '2024-02-22'), (52, 52, 28, '2024-02-24'), (53, 53, 35, '2024-02-26'), (54, 54, 40, '2024-02-28'), (55, 55, 28, '2024-03-01');

INSERT INTO LIVESESSION (Session_Title, Meeting_Link, Date, Time, Instructor_ID, Course_ID) VALUES
('Welcome & Setup', 'zoom.us/j/123', '2023-09-01', '10:00:00', 1, 1), ('Q&A: Pandas', 'zoom.us/j/124', '2023-09-05', '14:00:00', 2, 2), ('Live Coding', 'zoom.us/j/125', '2023-09-10', '18:00:00', 3, 3), ('Java Review', 'zoom.us/j/126', '2023-09-15', '09:00:00', 4, 4), ('Project Help', 'zoom.us/j/127', '2023-09-20', '16:00:00', 5, 5),
('App State', 'zoom.us/j/201', '2023-10-01', '10:00:00', 6, 6), ('Vue CLI', 'zoom.us/j/202', '2023-10-05', '14:00:00', 7, 7), ('Ng CLI', 'zoom.us/j/203', '2023-10-10', '18:00:00', 8, 8), ('Rollup config', 'zoom.us/j/204', '2023-10-15', '09:00:00', 9, 9), ('XAMPP Setup', 'zoom.us/j/205', '2023-10-20', '16:00:00', 10, 10),
('Artisan serve', 'zoom.us/j/206', '2023-10-25', '11:00:00', 11, 11), ('NPM Install', 'zoom.us/j/207', '2023-10-30', '15:00:00', 12, 12), ('Postman Test', 'zoom.us/j/208', '2023-11-05', '19:00:00', 13, 13), ('Compass Setup', 'zoom.us/j/209', '2023-11-10', '10:00:00', 14, 14), ('pgAdmin', 'zoom.us/j/210', '2023-11-15', '14:00:00', 15, 15),
('Redis CLI', 'zoom.us/j/211', '2023-11-20', '18:00:00', 16, 16), ('Apollo Studio', 'zoom.us/j/212', '2023-11-25', '09:00:00', 17, 17), ('Vercel Deploy', 'zoom.us/j/213', '2023-11-30', '16:00:00', 18, 18), ('Netlify Deploy', 'zoom.us/j/214', '2023-12-05', '11:00:00', 19, 19), ('PurgeCSS', 'zoom.us/j/215', '2023-12-10', '15:00:00', 20, 20),
('SASS Intro', 'zoom.us/j/216', '2023-12-15', '19:00:00', 21, 21), ('Icons Setup', 'zoom.us/j/217', '2023-12-20', '10:00:00', 22, 22), ('Community Files', 'zoom.us/j/218', '2023-12-25', '14:00:00', 23, 23), ('UI Kits', 'zoom.us/j/219', '2023-12-30', '18:00:00', 24, 24), ('Plugin Dev', 'zoom.us/j/220', '2024-01-04', '09:00:00', 25, 25),
('Boards Review', 'zoom.us/j/221', '2024-01-09', '16:00:00', 26, 26), ('Extensions', 'zoom.us/j/222', '2024-01-14', '11:00:00', 27, 27), ('Dev Server', 'zoom.us/j/223', '2024-01-19', '15:00:00', 28, 28), ('Rollup Integ', 'zoom.us/j/224', '2024-01-24', '19:00:00', 29, 29), ('Plugins writing', 'zoom.us/j/225', '2024-01-29', '10:00:00', 30, 30),
('AWS Q&A', 'zoom.us/j/301', '2024-01-01', '10:00:00', 31, 31), ('ETL Review', 'zoom.us/j/302', '2024-01-05', '14:00:00', 32, 32), ('Hack Demo', 'zoom.us/j/303', '2024-01-10', '18:00:00', 33, 33), ('Biz Model', 'zoom.us/j/304', '2024-01-15', '09:00:00', 34, 34), ('Logic UI', 'zoom.us/j/305', '2024-01-20', '16:00:00', 35, 35),
('Masking Tips', 'zoom.us/j/306', '2024-01-25', '11:00:00', 36, 36), ('SEO Audit', 'zoom.us/j/307', '2024-01-30', '15:00:00', 37, 37), ('Ad Targeting', 'zoom.us/j/308', '2024-02-05', '19:00:00', 38, 38), ('Drafting Live', 'zoom.us/j/309', '2024-02-10', '10:00:00', 39, 39), ('Mixdown', 'zoom.us/j/310', '2024-02-15', '14:00:00', 40, 40),
('Panel Building', 'zoom.us/j/311', '2024-02-20', '18:00:00', 41, 41), ('Pitch Perfect', 'zoom.us/j/312', '2024-02-25', '09:00:00', 42, 42), ('Data Privacy', 'zoom.us/j/313', '2024-03-01', '16:00:00', 43, 43), ('PMP Exam Tips', 'zoom.us/j/314', '2024-03-05', '11:00:00', 44, 44), ('Dashboarding', 'zoom.us/j/315', '2024-03-10', '15:00:00', 45, 45),
('GDPR Deep Dive', 'zoom.us/j/316', '2024-03-15', '19:00:00', 46, 46), ('Agile Game', 'zoom.us/j/317', '2024-03-20', '10:00:00', 47, 47), ('User Interviews', 'zoom.us/j/318', '2024-03-25', '14:00:00', 48, 48), ('Plot Holes', 'zoom.us/j/319', '2024-03-30', '18:00:00', 49, 49), ('Render Settings', 'zoom.us/j/320', '2024-04-04', '09:00:00', 50, 50),
('Lens Choice', 'zoom.us/j/321', '2024-04-09', '16:00:00', 51, 51), ('Format Review', 'zoom.us/j/322', '2024-04-14', '11:00:00', 52, 52), ('Ethics Debate', 'zoom.us/j/323', '2024-04-19', '15:00:00', 53, 53), ('Cobol Debug', 'zoom.us/j/324', '2024-04-24', '19:00:00', 54, 54), ('PC Build Live', 'zoom.us/j/325', '2024-04-29', '10:00:00', 55, 55);

INSERT INTO LIVE_ATTENDANCE (Student_ID, Session_ID, Attendance_Date) VALUES
(1, 1, '2023-09-01'), (2, 2, '2023-09-05'), (3, 3, '2023-09-10'), (4, 4, '2023-09-15'), (5, 5, '2023-09-20'),
(6, 6, '2023-10-01'), (7, 7, '2023-10-05'), (8, 8, '2023-10-10'), (9, 9, '2023-10-15'), (10, 10, '2023-10-20'),
(11, 11, '2023-10-25'), (12, 12, '2023-10-30'), (13, 13, '2023-11-05'), (14, 14, '2023-11-10'), (15, 15, '2023-11-15'),
(16, 16, '2023-11-20'), (17, 17, '2023-11-25'), (18, 18, '2023-11-30'), (19, 19, '2023-12-05'), (20, 20, '2023-12-10'),
(21, 21, '2023-12-15'), (22, 22, '2023-12-20'), (23, 23, '2023-12-25'), (24, 24, '2023-12-30'), (25, 25, '2024-01-04'),
(26, 26, '2024-01-09'), (27, 27, '2024-01-14'), (28, 28, '2024-01-19'), (29, 29, '2024-01-24'), (30, 30, '2024-01-29'),
(31, 31, '2024-01-01'), (32, 32, '2024-01-05'), (33, 33, '2024-01-10'), (34, 34, '2024-01-15'), (35, 35, '2024-01-20'),
(36, 36, '2024-01-25'), (37, 37, '2024-01-30'), (38, 38, '2024-02-05'), (39, 39, '2024-02-10'), (40, 40, '2024-02-15'),
(41, 41, '2024-02-20'), (42, 42, '2024-02-25'), (43, 43, '2024-03-01'), (44, 44, '2024-03-05'), (45, 45, '2024-03-10'),
(46, 46, '2024-03-15'), (47, 47, '2024-03-20'), (48, 48, '2024-03-25'), (49, 49, '2024-03-30'), (50, 50, '2024-04-04'),
(51, 51, '2024-04-09'), (52, 52, '2024-04-14'), (53, 53, '2024-04-19'), (54, 54, '2024-04-24'), (55, 55, '2024-04-29');

INSERT INTO FEEDBACK (Feedback_Date, Category, Status, Rating, Student_ID, Course_ID) VALUES
('2023-10-01', 'Course Content', 'Reviewed', 5, 1, 1), ('2023-10-02', 'Instructor', 'Pending', 4, 2, 2), ('2023-10-03', 'Platform', 'Reviewed', 3, 3, 3), ('2023-10-04', 'Course Content', 'Pending', 5, 4, 4), ('2023-10-05', 'Instructor', 'Reviewed', 4, 5, 5),
('2023-11-01', 'Content', 'Reviewed', 5, 6, 6), ('2023-11-02', 'Instructor', 'Pending', 4, 7, 7), ('2023-11-03', 'Platform', 'Reviewed', 3, 8, 8), ('2023-11-04', 'Content', 'Pending', 5, 9, 9), ('2023-11-05', 'Instructor', 'Reviewed', 4, 10, 10),
('2023-11-06', 'Platform', 'Reviewed', 5, 11, 11), ('2023-11-07', 'Content', 'Pending', 4, 12, 12), ('2023-11-08', 'Instructor', 'Reviewed', 3, 13, 13), ('2023-11-09', 'Platform', 'Reviewed', 5, 14, 14), ('2023-11-10', 'Content', 'Pending', 4, 15, 15),
('2023-11-11', 'Instructor', 'Reviewed', 5, 16, 16), ('2023-11-12', 'Platform', 'Pending', 2, 17, 17), ('2023-11-13', 'Content', 'Reviewed', 4, 18, 18), ('2023-11-14', 'Instructor', 'Pending', 5, 19, 19), ('2023-11-15', 'Platform', 'Reviewed', 3, 20, 20),
('2023-11-16', 'Content', 'Reviewed', 5, 21, 21), ('2023-11-17', 'Instructor', 'Pending', 4, 22, 22), ('2023-11-18', 'Platform', 'Reviewed', 5, 23, 23), ('2023-11-19', 'Content', 'Pending', 3, 24, 24), ('2023-11-20', 'Instructor', 'Reviewed', 4, 25, 25),
('2023-11-21', 'Platform', 'Reviewed', 5, 26, 26), ('2023-11-22', 'Content', 'Pending', 4, 27, 27), ('2023-11-23', 'Instructor', 'Reviewed', 5, 28, 28), ('2023-11-24', 'Platform', 'Pending', 4, 29, 29), ('2023-11-25', 'Content', 'Reviewed', 5, 30, 30),
('2024-02-01', 'Content', 'Reviewed', 5, 31, 31), ('2024-02-02', 'Instructor', 'Pending', 4, 32, 32), ('2024-02-03', 'Platform', 'Reviewed', 3, 33, 33), ('2024-02-04', 'Content', 'Pending', 5, 34, 34), ('2024-02-05', 'Instructor', 'Reviewed', 4, 35, 35),
('2024-02-06', 'Platform', 'Reviewed', 5, 36, 36), ('2024-02-07', 'Content', 'Pending', 4, 37, 37), ('2024-02-08', 'Instructor', 'Reviewed', 3, 38, 38), ('2024-02-09', 'Platform', 'Reviewed', 5, 39, 39), ('2024-02-10', 'Content', 'Pending', 4, 40, 40),
('2024-02-11', 'Instructor', 'Reviewed', 5, 41, 41), ('2024-02-12', 'Platform', 'Pending', 2, 42, 42), ('2024-02-13', 'Content', 'Reviewed', 4, 43, 43), ('2024-02-14', 'Instructor', 'Pending', 5, 44, 44), ('2024-02-15', 'Platform', 'Reviewed', 3, 45, 45),
('2024-02-16', 'Content', 'Reviewed', 5, 46, 46), ('2024-02-17', 'Instructor', 'Pending', 4, 47, 47), ('2024-02-18', 'Platform', 'Reviewed', 5, 48, 48), ('2024-02-19', 'Content', 'Pending', 3, 49, 49), ('2024-02-20', 'Instructor', 'Reviewed', 4, 50, 50),
('2024-02-21', 'Platform', 'Reviewed', 5, 51, 51), ('2024-02-22', 'Content', 'Pending', 4, 52, 52), ('2024-02-23', 'Instructor', 'Reviewed', 5, 53, 53), ('2024-02-24', 'Platform', 'Pending', 4, 54, 54), ('2024-02-25', 'Content', 'Reviewed', 5, 55, 55);

